<updates>
	<update>
		<name><![CDATA[ Phoca Guestbook ]]></name>
		<description><![CDATA[ Phoca Guestbook is Joomla! CMS component. It displays guestbook form with Captcha (8 types of Captcha) and many other different internal or external spam protection methods. ]]></description>
		<element>com_phocaguestbook</element>
		<type>component</type>
		<version>3.0.12</version>
		<infourl title="Phoca Guestbook 3.0.12">http://www.phoca.cz/version/index.php?phocaguestbook=3.0.12</infourl>
		<downloads>
			<downloadurl type="full" format="zip">https://github.com/PhocaCz/PhocaGuestbook/releases/download/3.0.12/com_phocaguestbook_v3.0.12.zip</downloadurl>
		</downloads>
		<tags>
			<tag>stable</tag>
		</tags>
		<maintainer><![CDATA[ Phoca.cz ]]></maintainer>
		<maintainerurl>https://www.phoca.cz/</maintainerurl>
		<section>Updates</section>
		<targetplatform name="joomla" version="3.9"/>
		<client>administrator</client>
	</update>
</updates>
