<?xml version="1.0" encoding="utf-8"?>
<!DOCTYPE install SYSTEM "http://dev.joomla.org/xml/1.5/component-install.dtd">
<install method="upgrade" type="component" version="1.5.0">
	<name>PhocaGuestbook</name>
	<creationDate>19/07/2010</creationDate>
	<author>Jan Pavelka (www.phoca.cz)</author>
	<authorEmail></authorEmail>
	<authorUrl>www.phoca.cz</authorUrl>
	<copyright>Jan Pavelka</copyright>
	<license>GNU/GPL</license>
	<!-- The version string is recorded in the components table -->
	<version>1.4.2</version>
	<!-- The description is optional and defaults to the name -->
	<description>Phoca Guestbook</description>

	<!-- Install Database Section -->
	<install>
		<sql>
			<file driver="mysql" charset="utf8">install.sql</file>
		</sql>
	</install>

	<!-- Uninstall Database Section -->
	<uninstall>
		<sql>
			<file driver="mysql" charset="utf8">uninstall.sql</file>
		</sql>
	</uninstall>

	<!-- Custom Install Script to execute -->
	<installfile>install.phocaguestbook.php</installfile>

	<!-- Custom Uninstall Script to execute -->
	<uninstallfile>uninstall.phocaguestbook.php</uninstallfile>

	<!-- Administration -->
	<administration>
		<menu img="components/com_phocaguestbook/assets/images/icon-16-pgb-menu.png" link="option=com_phocaguestbook">Phoca Guestbook</menu>
		<submenu>
			<menu img="components/com_phocaguestbook/assets/images/icon-16-pgb-menu-cp.png" link="option=com_phocaguestbook">Phoca Control Panel</menu>
			<menu img="components/com_phocaguestbook/assets/images/icon-16-pgb-menu-item.png" link="option=com_phocaguestbook&amp;amp;view=phocaguestbooks">Phoca Items</menu>
			<menu img="components/com_phocaguestbook/assets/images/icon-16-pgb-menu-guestbook.png" link="option=com_phocaguestbook&amp;amp;view=phocaguestbookbs">Phoca Guestbooks</menu>
			<menu img="components/com_phocaguestbook/assets/images/icon-16-pgb-menu-info.png" link="option=com_phocaguestbook&amp;amp;view=phocaguestbookin">Phoca Info</menu>
		</submenu>
	</administration>
</install>
