<?xml version="1.0" encoding="utf-8"?>
<extension method="upgrade" type="component" version="2.5.0">
	<name>com_phocaguestbook</name>
	<author>Jan Pavelka (www.phoca.cz)</author>
	<creationDate>20/11/2012</creationDate>
	<authorEmail></authorEmail>
	<authorUrl>www.phoca.cz</authorUrl>
	<copyright>Jan Pavelka</copyright>
	<license>GNU/GPL</license>
	<version>2.0.7</version>
	<description>Phoca Guestbook</description>

	<install>
		<sql>
			<file driver="mysql" charset="utf8">install.sql</file>
		</sql>
	</install>

	<uninstall>
		<sql>
			<file driver="mysql" charset="utf8">uninstall.sql</file>
		</sql>
	</uninstall>

	<installfile>install.phocaguestbook.php</installfile>

	<uninstallfile>uninstall.phocaguestbook.php</uninstallfile>

	<files folder="site">
		<filename>controller.php</filename>
		<filename>index.html</filename>
		<filename>metadata.xml</filename>
		<filename>phocaguestbook.php</filename>
		<filename>router.php</filename>
		<folder>assets</folder>
		<folder>controllers</folder>
		<folder>helpers</folder>
		<folder>models</folder>
		<folder>views</folder>
	</files>

	<languages>
		<language tag="en-GB" client="site">language/en-GB/en-GB.com_phocaguestbook.ini</language>
		<language tag="en-GB" client="site">language/en-GB/en-GB.com_phocaguestbook.sys.ini</language>
	</languages>

	<administration>
		<menu img="components/com_phocaguestbook/assets/images/icon-16-pgb-menu.png" link="option=com_phocaguestbook">COM_PHOCAGUESTBOOK</menu>
		<submenu>
			<menu img="components/com_phocaguestbook/assets/images/icon-16-pgb-menu-cp.png" alt="COM_PHOCAGUESTBOOK_CONTROLPANEL" view="phocaguestbookcp" link="option=com_phocaguestbook">COM_PHOCAGUESTBOOK_CONTROLPANEL</menu>
			<menu img="components/com_phocaguestbook/assets/images/icon-16-pgb-menu-item.png" alt="COM_PHOCAGUESTBOOK_ITEMS" view="phocaguestbooks" link="option=com_phocaguestbook&amp;amp;view=phocaguestbooks">COM_PHOCAGUESTBOOK_ITEMS</menu>
			<menu img="components/com_phocaguestbook/assets/images/icon-16-pgb-menu-guestbook.png" alt="COM_PHOCAGUESTBOOK_GUESTBOOKS" view="phocaguestbookbs" link="option=com_phocaguestbook&amp;amp;view=phocaguestbookbs">COM_PHOCAGUESTBOOK_GUESTBOOKS</menu>
			<menu img="components/com_phocaguestbook/assets/images/icon-16-pgb-menu-info.png" alt="COM_PHOCAGUESTBOOK_INFO" view="phocaguestbookin" link="option=com_phocaguestbook&amp;amp;view=phocaguestbookin">COM_PHOCAGUESTBOOK_INFO</menu>
		</submenu>

		<files folder="admin">
			<filename>access.xml</filename>
			<filename>config.xml</filename>
			<filename>controller.php</filename>
			<filename>index.html</filename>
			<filename>install.bak.sql</filename>
			<filename>install.phocaguestbook.php</filename>
			<filename>install.sql</filename>
			<filename>phocaguestbook.php</filename>
			<filename>phocaguestbook.xml</filename>
			<filename>uninstall.phocaguestbook.php</filename>
			<filename>uninstall.sql</filename>
			<folder>assets</folder>
			<folder>controllers</folder>
			<folder>help</folder>
			<folder>helpers</folder>
			<folder>models</folder>
			<folder>tables</folder>
			<folder>views</folder>
		</files>

		<languages>
			<language tag="en-GB">language/en-GB/en-GB.com_phocaguestbook.ini</language>
			<language tag="en-GB">language/en-GB/en-GB.com_phocaguestbook.sys.ini</language>
		</languages>

	</administration>
</extension>
