<?xml version="1.0" encoding="utf-8"?>
<!DOCTYPE install SYSTEM "http://dev.joomla.org/xml/1.5/component-install.dtd">
<install method="upgrade" type="component" version="1.5.0">
	<name>PhocaGuestbook</name>
	<creationDate>14/12/2011</creationDate>
	<author>Jan Pavelka (www.phoca.cz)</author>
	<authorEmail></authorEmail>
	<authorUrl>www.phoca.cz</authorUrl>
	<copyright>Jan Pavelka</copyright>
	<license>GNU/GPL</license>
	<!-- The version string is recorded in the components table -->
	<version>1.5.3</version>
	<!-- The description is optional and defaults to the name -->
	<description>Phoca Guestbook</description>

	<!-- Install Database Section -->
	<install>
		<sql>
			<file driver="mysql" charset="utf8">install.sql</file>
		</sql>
	</install>

	<!-- Uninstall Database Section -->
	<uninstall>
		<sql>
			<file driver="mysql" charset="utf8">uninstall.sql</file>
		</sql>
	</uninstall>

	<!-- Custom Install Script to execute -->
	<installfile>install.phocaguestbook.php</installfile>

	<!-- Custom Uninstall Script to execute -->
	<uninstallfile>uninstall.phocaguestbook.php</uninstallfile>

	<!-- Site Main File Copy Section -->
	<files folder="front">
		<filename>controller.php</filename>
		<filename>index.html</filename>
		<filename>phocaguestbook.php</filename>
		<filename>router.php</filename>
		<filename>assets/akismet/Akismet.class.php</filename>
		<filename>assets/akismet/index.html</filename>
		<filename>assets/captcha/01.jpg</filename>
		<filename>assets/captcha/02.jpg</filename>
		<filename>assets/captcha/03.jpg</filename>
		<filename>assets/captcha/04.jpg</filename>
		<filename>assets/captcha/05.jpg</filename>
		<filename>assets/captcha/06.jpg</filename>
		<filename>assets/captcha/07.jpg</filename>
		<filename>assets/captcha/08.jpg</filename>
		<filename>assets/captcha/10.jpg</filename>
		<filename>assets/captcha/11.jpg</filename>
		<filename>assets/captcha/12.jpg</filename>
		<filename>assets/captcha/13.jpg</filename>
		<filename>assets/captcha/fonts/essai.ttf</filename>
		<filename>assets/captcha/fonts/fonts-license.txt</filename>
		<filename>assets/captcha/fonts/index.html</filename>
		<filename>assets/captcha/fonts/justus.ttf</filename>
		<filename>assets/captcha/index.html</filename>
		<filename>assets/images/icon-message.png</filename>
		<filename>assets/images/icon-phoca-logo.png</filename>
		<filename>assets/images/icon-reload.gif</filename>
		<filename>assets/images/icon-trash.gif</filename>
		<filename>assets/images/icon-unpublish.gif</filename>
		<filename>assets/images/index.html</filename>
		<filename>assets/index.html</filename>
		<filename>assets/library/HTMLPurifier/AttrCollections.php</filename>
		<filename>assets/library/HTMLPurifier/AttrDef/CSS/Background.php</filename>
		<filename>assets/library/HTMLPurifier/AttrDef/CSS/BackgroundPosition.php</filename>
		<filename>assets/library/HTMLPurifier/AttrDef/CSS/Border.php</filename>
		<filename>assets/library/HTMLPurifier/AttrDef/CSS/Color.php</filename>
		<filename>assets/library/HTMLPurifier/AttrDef/CSS/Composite.php</filename>
		<filename>assets/library/HTMLPurifier/AttrDef/CSS/Font.php</filename>
		<filename>assets/library/HTMLPurifier/AttrDef/CSS/FontFamily.php</filename>
		<filename>assets/library/HTMLPurifier/AttrDef/CSS/Length.php</filename>
		<filename>assets/library/HTMLPurifier/AttrDef/CSS/ListStyle.php</filename>
		<filename>assets/library/HTMLPurifier/AttrDef/CSS/Multiple.php</filename>
		<filename>assets/library/HTMLPurifier/AttrDef/CSS/Number.php</filename>
		<filename>assets/library/HTMLPurifier/AttrDef/CSS/Percentage.php</filename>
		<filename>assets/library/HTMLPurifier/AttrDef/CSS/TextDecoration.php</filename>
		<filename>assets/library/HTMLPurifier/AttrDef/CSS/URI.php</filename>
		<filename>assets/library/HTMLPurifier/AttrDef/CSS/index.html</filename>
		<filename>assets/library/HTMLPurifier/AttrDef/CSS.php</filename>
		<filename>assets/library/HTMLPurifier/AttrDef/Enum.php</filename>
		<filename>assets/library/HTMLPurifier/AttrDef/HTML/Bool.php</filename>
		<filename>assets/library/HTMLPurifier/AttrDef/HTML/Color.php</filename>
		<filename>assets/library/HTMLPurifier/AttrDef/HTML/FrameTarget.php</filename>
		<filename>assets/library/HTMLPurifier/AttrDef/HTML/ID.php</filename>
		<filename>assets/library/HTMLPurifier/AttrDef/HTML/Length.php</filename>
		<filename>assets/library/HTMLPurifier/AttrDef/HTML/LinkTypes.php</filename>
		<filename>assets/library/HTMLPurifier/AttrDef/HTML/MultiLength.php</filename>
		<filename>assets/library/HTMLPurifier/AttrDef/HTML/Nmtokens.php</filename>
		<filename>assets/library/HTMLPurifier/AttrDef/HTML/Pixels.php</filename>
		<filename>assets/library/HTMLPurifier/AttrDef/HTML/index.html</filename>
		<filename>assets/library/HTMLPurifier/AttrDef/Integer.php</filename>
		<filename>assets/library/HTMLPurifier/AttrDef/Lang.php</filename>
		<filename>assets/library/HTMLPurifier/AttrDef/Text.php</filename>
		<filename>assets/library/HTMLPurifier/AttrDef/URI/Email/SimpleCheck.php</filename>
		<filename>assets/library/HTMLPurifier/AttrDef/URI/Email/index.html</filename>
		<filename>assets/library/HTMLPurifier/AttrDef/URI/Email.php</filename>
		<filename>assets/library/HTMLPurifier/AttrDef/URI/Host.php</filename>
		<filename>assets/library/HTMLPurifier/AttrDef/URI/IPv4.php</filename>
		<filename>assets/library/HTMLPurifier/AttrDef/URI/IPv6.php</filename>
		<filename>assets/library/HTMLPurifier/AttrDef/URI/index.html</filename>
		<filename>assets/library/HTMLPurifier/AttrDef/URI.php</filename>
		<filename>assets/library/HTMLPurifier/AttrDef/index.html</filename>
		<filename>assets/library/HTMLPurifier/AttrDef.php</filename>
		<filename>assets/library/HTMLPurifier/AttrTransform/BdoDir.php</filename>
		<filename>assets/library/HTMLPurifier/AttrTransform/BgColor.php</filename>
		<filename>assets/library/HTMLPurifier/AttrTransform/BoolToCSS.php</filename>
		<filename>assets/library/HTMLPurifier/AttrTransform/Border.php</filename>
		<filename>assets/library/HTMLPurifier/AttrTransform/EnumToCSS.php</filename>
		<filename>assets/library/HTMLPurifier/AttrTransform/ImgRequired.php</filename>
		<filename>assets/library/HTMLPurifier/AttrTransform/ImgSpace.php</filename>
		<filename>assets/library/HTMLPurifier/AttrTransform/Lang.php</filename>
		<filename>assets/library/HTMLPurifier/AttrTransform/Length.php</filename>
		<filename>assets/library/HTMLPurifier/AttrTransform/Name.php</filename>
		<filename>assets/library/HTMLPurifier/AttrTransform/index.html</filename>
		<filename>assets/library/HTMLPurifier/AttrTransform.php</filename>
		<filename>assets/library/HTMLPurifier/AttrTypes.php</filename>
		<filename>assets/library/HTMLPurifier/AttrValidator.php</filename>
		<filename>assets/library/HTMLPurifier/CSSDefinition.php</filename>
		<filename>assets/library/HTMLPurifier/ChildDef/Chameleon.php</filename>
		<filename>assets/library/HTMLPurifier/ChildDef/Custom.php</filename>
		<filename>assets/library/HTMLPurifier/ChildDef/Empty.php</filename>
		<filename>assets/library/HTMLPurifier/ChildDef/Optional.php</filename>
		<filename>assets/library/HTMLPurifier/ChildDef/Required.php</filename>
		<filename>assets/library/HTMLPurifier/ChildDef/StrictBlockquote.php</filename>
		<filename>assets/library/HTMLPurifier/ChildDef/Table.php</filename>
		<filename>assets/library/HTMLPurifier/ChildDef/index.html</filename>
		<filename>assets/library/HTMLPurifier/ChildDef.php</filename>
		<filename>assets/library/HTMLPurifier/Config.php</filename>
		<filename>assets/library/HTMLPurifier/ConfigDef/Directive.php</filename>
		<filename>assets/library/HTMLPurifier/ConfigDef/DirectiveAlias.php</filename>
		<filename>assets/library/HTMLPurifier/ConfigDef/Namespace.php</filename>
		<filename>assets/library/HTMLPurifier/ConfigDef/index.html</filename>
		<filename>assets/library/HTMLPurifier/ConfigDef.php</filename>
		<filename>assets/library/HTMLPurifier/ConfigSchema.php</filename>
		<filename>assets/library/HTMLPurifier/ContentSets.php</filename>
		<filename>assets/library/HTMLPurifier/Context.php</filename>
		<filename>assets/library/HTMLPurifier/Definition.php</filename>
		<filename>assets/library/HTMLPurifier/DefinitionCache/Decorator/Cleanup.php</filename>
		<filename>assets/library/HTMLPurifier/DefinitionCache/Decorator/Memory.php</filename>
		<filename>assets/library/HTMLPurifier/DefinitionCache/Decorator/Template.php.in</filename>
		<filename>assets/library/HTMLPurifier/DefinitionCache/Decorator/index.html</filename>
		<filename>assets/library/HTMLPurifier/DefinitionCache/Decorator.php</filename>
		<filename>assets/library/HTMLPurifier/DefinitionCache/Null.php</filename>
		<filename>assets/library/HTMLPurifier/DefinitionCache/Serializer/CSS/index.html</filename>
		<filename>assets/library/HTMLPurifier/DefinitionCache/Serializer/HTML/index.html</filename>
		<filename>assets/library/HTMLPurifier/DefinitionCache/Serializer/Test/index.html</filename>
		<filename>assets/library/HTMLPurifier/DefinitionCache/Serializer/URI/index.html</filename>
		<filename>assets/library/HTMLPurifier/DefinitionCache/Serializer/index.html</filename>
		<filename>assets/library/HTMLPurifier/DefinitionCache/Serializer.php</filename>
		<filename>assets/library/HTMLPurifier/DefinitionCache/index.html</filename>
		<filename>assets/library/HTMLPurifier/DefinitionCache.php</filename>
		<filename>assets/library/HTMLPurifier/DefinitionCacheFactory.php</filename>
		<filename>assets/library/HTMLPurifier/Doctype.php</filename>
		<filename>assets/library/HTMLPurifier/DoctypeRegistry.php</filename>
		<filename>assets/library/HTMLPurifier/ElementDef.php</filename>
		<filename>assets/library/HTMLPurifier/Encoder.php</filename>
		<filename>assets/library/HTMLPurifier/EntityLookup/entities.ser</filename>
		<filename>assets/library/HTMLPurifier/EntityLookup/index.html</filename>
		<filename>assets/library/HTMLPurifier/EntityLookup.php</filename>
		<filename>assets/library/HTMLPurifier/EntityParser.php</filename>
		<filename>assets/library/HTMLPurifier/Error.php</filename>
		<filename>assets/library/HTMLPurifier/ErrorCollector.php</filename>
		<filename>assets/library/HTMLPurifier/Filter/YouTube.php</filename>
		<filename>assets/library/HTMLPurifier/Filter/index.html</filename>
		<filename>assets/library/HTMLPurifier/Filter.php</filename>
		<filename>assets/library/HTMLPurifier/Generator.php</filename>
		<filename>assets/library/HTMLPurifier/HTMLDefinition.php</filename>
		<filename>assets/library/HTMLPurifier/HTMLModule/Bdo.php</filename>
		<filename>assets/library/HTMLPurifier/HTMLModule/CommonAttributes.php</filename>
		<filename>assets/library/HTMLPurifier/HTMLModule/Edit.php</filename>
		<filename>assets/library/HTMLPurifier/HTMLModule/Hypertext.php</filename>
		<filename>assets/library/HTMLPurifier/HTMLModule/Image.php</filename>
		<filename>assets/library/HTMLPurifier/HTMLModule/Legacy.php</filename>
		<filename>assets/library/HTMLPurifier/HTMLModule/List.php</filename>
		<filename>assets/library/HTMLPurifier/HTMLModule/NonXMLCommonAttributes.php</filename>
		<filename>assets/library/HTMLPurifier/HTMLModule/Object.php</filename>
		<filename>assets/library/HTMLPurifier/HTMLModule/Presentation.php</filename>
		<filename>assets/library/HTMLPurifier/HTMLModule/Ruby.php</filename>
		<filename>assets/library/HTMLPurifier/HTMLModule/Scripting.php</filename>
		<filename>assets/library/HTMLPurifier/HTMLModule/StyleAttribute.php</filename>
		<filename>assets/library/HTMLPurifier/HTMLModule/Tables.php</filename>
		<filename>assets/library/HTMLPurifier/HTMLModule/Target.php</filename>
		<filename>assets/library/HTMLPurifier/HTMLModule/Text.php</filename>
		<filename>assets/library/HTMLPurifier/HTMLModule/Tidy/Proprietary.php</filename>
		<filename>assets/library/HTMLPurifier/HTMLModule/Tidy/XHTML.php</filename>
		<filename>assets/library/HTMLPurifier/HTMLModule/Tidy/XHTMLAndHTML4.php</filename>
		<filename>assets/library/HTMLPurifier/HTMLModule/Tidy/index.html</filename>
		<filename>assets/library/HTMLPurifier/HTMLModule/Tidy.php</filename>
		<filename>assets/library/HTMLPurifier/HTMLModule/XMLCommonAttributes.php</filename>
		<filename>assets/library/HTMLPurifier/HTMLModule/index.html</filename>
		<filename>assets/library/HTMLPurifier/HTMLModule.php</filename>
		<filename>assets/library/HTMLPurifier/HTMLModuleManager.php</filename>
		<filename>assets/library/HTMLPurifier/IDAccumulator.php</filename>
		<filename>assets/library/HTMLPurifier/Injector/AutoParagraph.php</filename>
		<filename>assets/library/HTMLPurifier/Injector/Linkify.php</filename>
		<filename>assets/library/HTMLPurifier/Injector/PurifierLinkify.php</filename>
		<filename>assets/library/HTMLPurifier/Injector/index.html</filename>
		<filename>assets/library/HTMLPurifier/Injector.php</filename>
		<filename>assets/library/HTMLPurifier/Language/classes/en-x-test.php</filename>
		<filename>assets/library/HTMLPurifier/Language/classes/index.html</filename>
		<filename>assets/library/HTMLPurifier/Language/index.html</filename>
		<filename>assets/library/HTMLPurifier/Language/messages/en-x-test.php</filename>
		<filename>assets/library/HTMLPurifier/Language/messages/en.php</filename>
		<filename>assets/library/HTMLPurifier/Language/messages/index.html</filename>
		<filename>assets/library/HTMLPurifier/Language.php</filename>
		<filename>assets/library/HTMLPurifier/LanguageFactory.php</filename>
		<filename>assets/library/HTMLPurifier/Lexer/DOMLex.php</filename>
		<filename>assets/library/HTMLPurifier/Lexer/DirectLex.php</filename>
		<filename>assets/library/HTMLPurifier/Lexer/PEARSax3.php</filename>
		<filename>assets/library/HTMLPurifier/Lexer/PH5P.php</filename>
		<filename>assets/library/HTMLPurifier/Lexer/index.html</filename>
		<filename>assets/library/HTMLPurifier/Lexer.php</filename>
		<filename>assets/library/HTMLPurifier/PercentEncoder.php</filename>
		<filename>assets/library/HTMLPurifier/Printer/CSSDefinition.php</filename>
		<filename>assets/library/HTMLPurifier/Printer/ConfigForm.css</filename>
		<filename>assets/library/HTMLPurifier/Printer/ConfigForm.js</filename>
		<filename>assets/library/HTMLPurifier/Printer/ConfigForm.php</filename>
		<filename>assets/library/HTMLPurifier/Printer/HTMLDefinition.php</filename>
		<filename>assets/library/HTMLPurifier/Printer/index.html</filename>
		<filename>assets/library/HTMLPurifier/Printer.php</filename>
		<filename>assets/library/HTMLPurifier/Strategy/Composite.php</filename>
		<filename>assets/library/HTMLPurifier/Strategy/Core.php</filename>
		<filename>assets/library/HTMLPurifier/Strategy/FixNesting.php</filename>
		<filename>assets/library/HTMLPurifier/Strategy/MakeWellFormed.php</filename>
		<filename>assets/library/HTMLPurifier/Strategy/RemoveForeignElements.php</filename>
		<filename>assets/library/HTMLPurifier/Strategy/ValidateAttributes.php</filename>
		<filename>assets/library/HTMLPurifier/Strategy/index.html</filename>
		<filename>assets/library/HTMLPurifier/Strategy.php</filename>
		<filename>assets/library/HTMLPurifier/TagTransform/Font.php</filename>
		<filename>assets/library/HTMLPurifier/TagTransform/Simple.php</filename>
		<filename>assets/library/HTMLPurifier/TagTransform/index.html</filename>
		<filename>assets/library/HTMLPurifier/TagTransform.php</filename>
		<filename>assets/library/HTMLPurifier/Token.php</filename>
		<filename>assets/library/HTMLPurifier/TokenFactory.php</filename>
		<filename>assets/library/HTMLPurifier/URI.php</filename>
		<filename>assets/library/HTMLPurifier/URIDefinition.php</filename>
		<filename>assets/library/HTMLPurifier/URIFilter/DisableExternal.php</filename>
		<filename>assets/library/HTMLPurifier/URIFilter/DisableExternalResources.php</filename>
		<filename>assets/library/HTMLPurifier/URIFilter/HostBlacklist.php</filename>
		<filename>assets/library/HTMLPurifier/URIFilter/MakeAbsolute.php</filename>
		<filename>assets/library/HTMLPurifier/URIFilter/index.html</filename>
		<filename>assets/library/HTMLPurifier/URIFilter.php</filename>
		<filename>assets/library/HTMLPurifier/URIParser.php</filename>
		<filename>assets/library/HTMLPurifier/URIScheme/ftp.php</filename>
		<filename>assets/library/HTMLPurifier/URIScheme/http.php</filename>
		<filename>assets/library/HTMLPurifier/URIScheme/https.php</filename>
		<filename>assets/library/HTMLPurifier/URIScheme/index.html</filename>
		<filename>assets/library/HTMLPurifier/URIScheme/mailto.php</filename>
		<filename>assets/library/HTMLPurifier/URIScheme/news.php</filename>
		<filename>assets/library/HTMLPurifier/URIScheme/nntp.php</filename>
		<filename>assets/library/HTMLPurifier/URIScheme.php</filename>
		<filename>assets/library/HTMLPurifier/URISchemeRegistry.php</filename>
		<filename>assets/library/HTMLPurifier/index.html</filename>
		<filename>assets/library/HTMLPurifier.auto.php</filename>
		<filename>assets/library/HTMLPurifier.func.php</filename>
		<filename>assets/library/HTMLPurifier.php</filename>
		<filename>assets/library/index.html</filename>
		<filename>assets/phocaguestbook.css</filename>
		<filename>controllers/index.html</filename>
		<filename>controllers/phocaguestbook.php</filename>
		<filename>helpers/phocaguestbook.php</filename>
		<filename>helpers/phocaguestbookakismet.php</filename>
		<filename>helpers/phocaguestbookcaptcha.php</filename>
		<filename>helpers/phocaguestbookpagination.php</filename>
		<filename>helpers/recaptchalib.php</filename>
		<filename>models/index.html</filename>
		<filename>models/phocaguestbook.php</filename>
		<filename>models/phocaguestbooki.php</filename>
		<filename>views/index.html</filename>
		<filename>views/phocaguestbook/index.html</filename>
		<filename>views/phocaguestbook/metadata.xml</filename>
		<filename>views/phocaguestbook/tmpl/default.php</filename>
		<filename>views/phocaguestbook/tmpl/default.xml</filename>
		<filename>views/phocaguestbook/tmpl/index.html</filename>
		<filename>views/phocaguestbook/view.html.php</filename>
		<filename>views/phocaguestbooki/index.html</filename>
		<filename>views/phocaguestbooki/metadata.xml</filename>
		<filename>views/phocaguestbooki/tmpl/default.php</filename>
		<filename>views/phocaguestbooki/tmpl/index.html</filename>
		<filename>views/phocaguestbooki/view.html.php</filename>
	</files>

	<!-- Language -->
	<languages>
		<language tag="en-GB">language/en-GB/en-GB.com_phocaguestbook.ini</language>
		<language tag="en-GB">language/en-GB/en-GB.com_phocaguestbook.menu.ini</language>
	</languages>

	<!-- Administration -->
	<administration>
		<menu img="components/com_phocaguestbook/assets/images/icon-16-pgb-menu.png" link="option=com_phocaguestbook">Phoca Guestbook</menu>
		<submenu>
			<menu img="components/com_phocaguestbook/assets/images/icon-16-pgb-menu-cp.png" link="option=com_phocaguestbook">Phoca Control Panel</menu>
			<menu img="components/com_phocaguestbook/assets/images/icon-16-pgb-menu-item.png" link="option=com_phocaguestbook&amp;amp;view=phocaguestbooks">Phoca Items</menu>
			<menu img="components/com_phocaguestbook/assets/images/icon-16-pgb-menu-guestbook.png" link="option=com_phocaguestbook&amp;amp;view=phocaguestbookbs">Phoca Guestbooks</menu>
			<menu img="components/com_phocaguestbook/assets/images/icon-16-pgb-menu-info.png" link="option=com_phocaguestbook&amp;amp;view=phocaguestbookin">Phoca Info</menu>
		</submenu>

		<!-- Administration Main File Copy Section -->
		<files>
			<filename>admin.phocaguestbook.php</filename>
			<filename>config.xml</filename>
			<filename>controller.php</filename>
			<filename>index.html</filename>
			<filename>install.bak</filename>
			<filename>install.phocaguestbook.php</filename>
			<filename>install.sql</filename>
			<filename>phocaguestbook.xml</filename>
			<filename>uninstall.phocaguestbook.php</filename>
			<filename>uninstall.sql</filename>
			<filename>assets/images/icon-16-pgb-menu-cp.png</filename>
			<filename>assets/images/icon-16-pgb-menu-guestbook.png</filename>
			<filename>assets/images/icon-16-pgb-menu-info.png</filename>
			<filename>assets/images/icon-16-pgb-menu-item.png</filename>
			<filename>assets/images/icon-16-pgb-menu.png</filename>
			<filename>assets/images/icon-48-pgu-guestbook.png</filename>
			<filename>assets/images/icon-48-pgu-info.png</filename>
			<filename>assets/images/icon-48-pgu-item.png</filename>
			<filename>assets/images/icon-48-pgu-phoca.png</filename>
			<filename>assets/images/icon-phoca-logo-seal.png</filename>
			<filename>assets/images/icon-phoca-logo.png</filename>
			<filename>assets/images/index.html</filename>
			<filename>assets/images/install.png</filename>
			<filename>assets/images/logo-phoca.png</filename>
			<filename>assets/images/logo.png</filename>
			<filename>assets/images/update.png</filename>
			<filename>assets/images/upgrade.png</filename>
			<filename>assets/index.html</filename>
			<filename>assets/jcp/defaultcolor.jpg</filename>
			<filename>assets/jcp/license.txt</filename>
			<filename>assets/jcp/picker.css</filename>
			<filename>assets/jcp/picker.js</filename>
			<filename>assets/phocaguestbook.css</filename>
			<filename>controllers/phocaguestbook.php</filename>
			<filename>controllers/phocaguestbookb.php</filename>
			<filename>controllers/phocaguestbookinstall.php</filename>
			<filename>controllers/phocaguestbookuninstall.php</filename>
			<filename>elements/index.html</filename>
			<filename>elements/phocacolortext.php</filename>
			<filename>elements/phocaguestbook.php</filename>
			<filename>elements/phocaguestbookemail.php</filename>
			<filename>elements/phocahead.php</filename>
			<filename>elements/phocalongtext.php</filename>
			<filename>elements/phocatext.php</filename>
			<filename>elements/phocatextarea.php</filename>
			<filename>help/en-GB/css/help.css</filename>
			<filename>help/en-GB/css/index.html</filename>
			<filename>help/en-GB/index.html</filename>
			<filename>help/en-GB/screen.phocaguestbook.html</filename>
			<filename>helpers/index.html</filename>
			<filename>helpers/phocacp.php</filename>
			<filename>helpers/phocaguestbook.php</filename>
			<filename>models/index.html</filename>
			<filename>models/phocaguestbook.php</filename>
			<filename>models/phocaguestbookb.php</filename>
			<filename>models/phocaguestbookbs.php</filename>
			<filename>models/phocaguestbooks.php</filename>
			<filename>tables/index.html</filename>
			<filename>tables/phocaguestbook.php</filename>
			<filename>tables/phocaguestbookb.php</filename>
			<filename>views/index.html</filename>
			<filename>views/phocaguestbook/index.html</filename>
			<filename>views/phocaguestbook/tmpl/form.php</filename>
			<filename>views/phocaguestbook/tmpl/index.html</filename>
			<filename>views/phocaguestbook/view.html.php</filename>
			<filename>views/phocaguestbookb/index.html</filename>
			<filename>views/phocaguestbookb/tmpl/form.php</filename>
			<filename>views/phocaguestbookb/tmpl/index.html</filename>
			<filename>views/phocaguestbookb/view.html.php</filename>
			<filename>views/phocaguestbookbs/index.html</filename>
			<filename>views/phocaguestbookbs/tmpl/default.php</filename>
			<filename>views/phocaguestbookbs/tmpl/index.html</filename>
			<filename>views/phocaguestbookbs/view.html.php</filename>
			<filename>views/phocaguestbookcp/index.html</filename>
			<filename>views/phocaguestbookcp/tmpl/default.php</filename>
			<filename>views/phocaguestbookcp/tmpl/index.html</filename>
			<filename>views/phocaguestbookcp/view.html.php</filename>
			<filename>views/phocaguestbookin/index.html</filename>
			<filename>views/phocaguestbookin/tmpl/default.php</filename>
			<filename>views/phocaguestbookin/tmpl/index.html</filename>
			<filename>views/phocaguestbookin/view.html.php</filename>
			<filename>views/phocaguestbooks/index.html</filename>
			<filename>views/phocaguestbooks/tmpl/default.php</filename>
			<filename>views/phocaguestbooks/tmpl/index.html</filename>
			<filename>views/phocaguestbooks/view.html.php</filename>
		</files>

		<!-- Only Development - copy ./front, ./language, ./other to admin area -->
		<files>
			<filename>language/en-GB/en-GB.com_phocaguestbook.ini</filename>
			<filename>language/en-GB/en-GB.com_phocaguestbook.menu.ini</filename>
			<filename>language/en-GB/index.html</filename>
			<filename>language/index.html</filename>
			<filename>other/index.html</filename>
			<filename>other/install_xml.php</filename>
		</files>

		<!-- Language -->
		<languages>
			<language tag="en-GB">language/en-GB/en-GB.com_phocaguestbook.ini</language>
			<language tag="en-GB">language/en-GB/en-GB.com_phocaguestbook.menu.ini</language>
		</languages>

	</administration>
</install>
